#
# TABLE STRUCTURE FOR: bobblehead
#

SET NAMES utf8;

DROP TABLE IF EXISTS `bobblehead`;

CREATE TABLE `bobblehead` (
  `bobblehead_id` int(5) unsigned NOT NULL AUTO_INCREMENT,
  `collection_id` int(5) unsigned DEFAULT NULL,
  `name` varchar(255) NOT NULL,
  `description` text NOT NULL,
  `sale_date` datetime DEFAULT NULL,
  `img_url` varchar(255) DEFAULT NULL,
  `slug` varchar(255) NOT NULL,
  PRIMARY KEY (`bobblehead_id`)
) ENGINE=InnoDB AUTO_INCREMENT=20 DEFAULT CHARSET=utf8;

INSERT INTO `bobblehead` (`bobblehead_id`, `collection_id`, `name`, `description`, `sale_date`, `img_url`, `slug`) VALUES ('4', '4', 'Darth Vader', '<p>Darth Vader, is a Sith Lord, the secondary antagonist of the original <a href=\"http://characterprofile.wikia.com/wiki/Star_Wars\">Star Wars</a> trilogy, and main protagonist of the prequel trilogy.</p><p>Anakin Skywalker\'s life was once that of a child slave on the harsh desert planet of Tatooine, before the Jedi master Qui-Gon Jinn discovered him and determined that Anakin was the chosen one due to being conceived by the medichlorians.</p><p>Under the training of <a href=\"http://characterprofile.wikia.com/wiki/Obi-Wan_Kenobi?redlink=1&amp;action=edit&amp;flow=create-page-article-redlink\">Obi-Wan Kenobi</a>, Anakin became more in tune with the Force, and rose among the Jedi ranks. But as he grew older, he only felt more and more imperfect. With the tipping point being a dream about his wife dying at birth, Anakin turned to the dark side of the Force to fix himself, which resulted in him falling into lava during a battle against Obi-Wan.</p><p>Even though he was severely damaged, <a href=\"http://characterprofile.wikia.com/wiki/Darth_Sidious\">the Emperor</a> rescued him and supported him with new armor, turning him into Darth Vader. Years later, after discovering <a href=\"http://characterprofile.wikia.com/wiki/Luke_Skywalker\">his son</a>, Vader had a change of heart, and sacrificed himself to save him from the Emperor and the Dark Side. After life, Anakin would spend his afterlife as a spirit of the Force, guiding the next generations of Skywalkers to come.</p>', '2011-01-01 00:00:00', '1c4d87d6d14cb1ada91b9413b660a6b9.jpg', 'darth-vader');
INSERT INTO `bobblehead` (`bobblehead_id`, `collection_id`, `name`, `description`, `sale_date`, `img_url`, `slug`) VALUES ('5', '4', 'Yoda', '<p>Yoda is a master Jedi and major character of the <a href=\"http://characterprofile.wikia.com/wiki/Star_Wars\">Star Wars</a> saga.</p><p>He was the Grandmaster of the Jedi Order and the tritagonist in the prequel trilogy, and later became <a href=\"http://characterprofile.wikia.com/wiki/Luke_Skywalker\">Luke Skywalker</a>\'s mentor during the original trilogy, as a supporting character.</p><p>The films and <a href=\"https://en.wikipedia.org/wiki/Star_Wars_expanded_universe\">expanded universe</a> reveal that he had a hand in training almost every Jedi in the <a href=\"https://en.wikipedia.org/wiki/Star_Wars_galaxy\">galaxy</a>, including <a href=\"https://en.wikipedia.org/wiki/Count_Dooku\">Count Dooku</a>, who is identified in <em>Attack of the Clones</em> as Yoda\'s old <a href=\"https://en.wikipedia.org/wiki/Grand_Master_(Jedi)\">Padawan Learner</a>; <a href=\"https://en.wikipedia.org/wiki/Mace_Windu\">Mace Windu</a>; <a href=\"https://en.wikipedia.org/wiki/Obi-Wan_Kenobi\">Obi-Wan Kenobi</a> (partially, before <a href=\"https://en.wikipedia.org/wiki/Qui-Gon_Jinn\">Qui-Gon Jinn</a> takes over as Obi-Wan\'s master); <a href=\"https://en.wikipedia.org/wiki/Ki-Adi-Mundi\">Ki-Adi-Mundi</a>, <a href=\"https://en.wikipedia.org/wiki/Kit_Fisto\">Kit Fisto</a> and eventually <a href=\"https://en.wikipedia.org/wiki/Luke_Skywalker\">Luke Skywalker</a>.</p>', '2011-01-01 00:00:00', 'e9236f5908e1e176b53c0291ec886865.jpg', 'yoda');
INSERT INTO `bobblehead` (`bobblehead_id`, `collection_id`, `name`, `description`, `sale_date`, `img_url`, `slug`) VALUES ('6', '4', 'R2-D2', '<p>A small <a href=\"https://en.wikipedia.org/wiki/Astromech_droid\">astromech droid</a>, R2-D2 is a major character and appears in all <em>Star Wars</em> films to date.</p><p>Throughout the course of the films, he joins or supports <a href=\"https://en.wikipedia.org/wiki/Padm%C3%A9_Amidala\">Padmé Amidala</a>, <a href=\"https://en.wikipedia.org/wiki/Darth_Vader\">Anakin Skywalker</a>, <a href=\"https://en.wikipedia.org/wiki/Princess_Leia\">Leia Organa</a>, <a href=\"https://en.wikipedia.org/wiki/Luke_Skywalker\">Luke Skywalker</a>, and <a href=\"https://en.wikipedia.org/wiki/Obi-Wan_Kenobi\">Obi-Wan Kenobi</a> in various points in the saga.</p><p>English actor <a href=\"https://en.wikipedia.org/wiki/Kenny_Baker_(English_actor)\">Kenny Baker</a> played R2-D2 in all three original <em>Star Wars</em> films, and received <a href=\"https://en.wikipedia.org/wiki/Billing_(filmmaking)\">billing credit</a> for the character in the prequel trilogy, where Baker\'s role was reduced, as R2-D2 was portrayed mainly by <a href=\"https://en.wikipedia.org/wiki/Radio-controlled_model\">radio controlled props</a> and <a href=\"https://en.wikipedia.org/wiki/Computer-generated_imagery\">CGI</a> models. In the sequel trilogy, Baker was credited as consultant for the <em><a href=\"https://en.wikipedia.org/wiki/Star_Wars:_The_Force_Awakens\">The Force Awakens</a></em>, however <a href=\"https://en.wikipedia.org/wiki/Jimmy_Vee\">Jimmy Vee</a> also co-performed the character in some scenes. Vee later took over the role beginning in <em><a href=\"https://en.wikipedia.org/wiki/Star_Wars:_The_Last_Jedi\">The Last Jedi</a></em>.<a href=\"https://en.wikipedia.org/wiki/R2-D2#cite_note-1\">[1]</a> R2-D2\'s sounds and vocal effects were created by <a href=\"https://en.wikipedia.org/wiki/Ben_Burtt\">Ben Burtt</a>.</p>', '2011-01-01 03:03:00', '46055b8a73a9e188a710f160d576c364.jpg', 'r2-d2');
INSERT INTO `bobblehead` (`bobblehead_id`, `collection_id`, `name`, `description`, `sale_date`, `img_url`, `slug`) VALUES ('7', '4', 'C-3PO', '<p><strong>C-3PO</strong> or <strong>See-Threepio</strong> is a <a href=\"https://en.wikipedia.org/wiki/Humanoid\">humanoid</a> <a href=\"https://en.wikipedia.org/wiki/Robots_in_fiction\">robot character</a> from the <a href=\"https://en.wikipedia.org/wiki/Star_Wars\"><em>Star Wars</em> franchise</a> who appears in the <a href=\"https://en.wikipedia.org/wiki/Star_Wars_original_trilogy\">original <em>Star Wars</em> films</a>, the <a href=\"https://en.wikipedia.org/wiki/Star_Wars_prequel_trilogy\">prequel trilogy</a> and the <a href=\"https://en.wikipedia.org/wiki/Star_Wars_sequel_trilogy\">sequel trilogy</a>.</p><p>Created by <a href=\"https://en.wikipedia.org/wiki/Darth_Vader\">Anakin Skywalker</a>, C-3PO was designed as a <a href=\"https://en.wikipedia.org/wiki/Protocol_(diplomacy)\">protocol</a> <a href=\"https://en.wikipedia.org/wiki/Droid_(robot)\">droid</a> intended to assist in <a href=\"https://en.wikipedia.org/wiki/Etiquette\">etiquette</a>, <a href=\"https://en.wikipedia.org/wiki/Convention_(norm)\">customs</a>, and <a href=\"https://en.wikipedia.org/wiki/Translation\">translation</a>, boasting that he is \"fluent in over six million forms of <a href=\"https://en.wikipedia.org/wiki/Communication\">communication</a>\". Along with his <a href=\"https://en.wikipedia.org/wiki/Droid_(robot)#Astromech_droid\">astromech droid</a> counterpart and friend <a href=\"https://en.wikipedia.org/wiki/R2-D2\">R2-D2</a>, C-3PO provides <a href=\"https://en.wikipedia.org/wiki/Comic_relief\">comic relief</a> within the narrative structure of the films, and serving as <a href=\"https://en.wikipedia.org/wiki/Foil_(literature)\">foils</a>.</p><p><a href=\"https://en.wikipedia.org/wiki/Anthony_Daniels\">Anthony Daniels</a> has portrayed the character in all nine <em>Star Wars</em> cinematic films released to date, including <em><a href=\"https://en.wikipedia.org/wiki/Rogue_One:_A_Star_Wars_Story\">Rogue One</a></em> and the animated <em><a href=\"https://en.wikipedia.org/wiki/Star_Wars:_The_Clone_Wars_(film)\">The Clone Wars</a></em>; C-3PO and R2-D2 are the only characters to appear in every film.</p><p>Despite his oblivious nature, C-3PO has played a pivotal role in <a href=\"https://en.wikipedia.org/wiki/Star_Wars_galaxy\">the Galaxy</a>\'s history, appearing under the service of <a href=\"https://en.wikipedia.org/wiki/Skywalker_family\">Shmi Skywalker</a>, the <a href=\"https://en.wikipedia.org/wiki/List_of_Star_Wars_characters\">Lars homestead</a>, <a href=\"https://en.wikipedia.org/wiki/Padm%C3%A9_Amidala\">Padmé Amidala</a>, <a href=\"https://en.wikipedia.org/wiki/List_of_Star_Wars_characters\">Raymus Antilles</a>, <a href=\"https://en.wikipedia.org/wiki/Luke_Skywalker\">Luke Skywalker</a>, and <a href=\"https://en.wikipedia.org/wiki/Princess_Leia\">Leia Organa</a>. In the majority of depictions, C-3PO\'s physical appearance is primarily a polished <a href=\"https://en.wikipedia.org/wiki/Gold_plating\">gold plating</a>, although his appearance varies throughout the films; including the absence of metal coverings in <a href=\"https://en.wikipedia.org/wiki/Star_Wars:_Episode_I_%E2%80%93_The_Phantom_Menace\"><em>The Phantom Menace</em></a>, a dull <a href=\"https://en.wikipedia.org/wiki/Copper_plating\">copper plating</a> in <em><a href=\"https://en.wikipedia.org/wiki/Star_Wars:_Episode_II_%E2%80%93_Attack_of_the_Clones\">Attack of the Clones</a></em>, a silver lower right leg introduced in <em><a href=\"https://en.wikipedia.org/wiki/Star_Wars_(film)\">A New Hope</a></em>, and a red left arm in <em><a href=\"https://en.wikipedia.org/wiki/Star_Wars:_The_Force_Awakens\">The Force Awakens</a></em>.</p>', '2011-01-01 10:10:00', '7506d0fbb60ee2a0855559d890e06bf0.jpg', 'c-3po');
INSERT INTO `bobblehead` (`bobblehead_id`, `collection_id`, `name`, `description`, `sale_date`, `img_url`, `slug`) VALUES ('8', '5', 'Stitch', '<p><strong>Stitch</strong> (also known by his <a href=\"https://en.wikipedia.org/wiki/Species_name\">species name</a>/\"birth\" name <strong>Experiment 626</strong>, pronounced \"six-two-six\") is a <a href=\"https://en.wikipedia.org/wiki/Character_(arts)\">fictional character</a> in <a href=\"https://en.wikipedia.org/wiki/The_Walt_Disney_Company\">Disney\'s</a> <a href=\"https://en.wikipedia.org/wiki/Lilo_%26_Stitch_(franchise)\"><em>Lilo &amp; Stitch</em> franchise</a>.</p><p>An illegally-made, <a href=\"https://en.wikipedia.org/wiki/Genetic_engineering\">genetically-engineered</a>, <a href=\"https://en.wikipedia.org/wiki/Extraterrestrials_in_fiction\">extraterrestrial lifeform</a> resembling a blue <a href=\"https://en.wikipedia.org/wiki/Koala\">koala</a>, he is one of the franchise\'s two <a href=\"https://en.wikipedia.org/wiki/Title_role#Title_character\">title characters</a>, alongside his adopter and best friend <a href=\"https://en.wikipedia.org/wiki/Lilo_Pelekai\">Lilo Pelekai</a>, and its primary <a href=\"https://en.wikipedia.org/wiki/Protagonist\">protagonist</a>.</p><p>Stitch was created by <em><a href=\"https://en.wikipedia.org/wiki/Lilo_%26_Stitch\">Lilo &amp; Stitch</a></em> co-writer and co-director <a href=\"https://en.wikipedia.org/wiki/Chris_Sanders\">Chris Sanders</a>, who also voices him in almost all media that he appears in.</p><p>In the franchise\'s chronology, he was originally created by <a href=\"https://en.wikipedia.org/wiki/List_of_Lilo_%26_Stitch_characters#Jumba_Jookiba\">Dr. Jumba Jookiba</a> to cause chaos across the <a href=\"https://en.wikipedia.org/wiki/Galaxy\">galaxy</a>.</p><p>Stitch is marked by his <a href=\"https://en.wikipedia.org/wiki/Mischief\">mischievous</a> behavior, which endeared him to Lilo, who adopted him as her \"<a href=\"https://en.wikipedia.org/wiki/Dog\">dog</a>\". Through Lilo\'s beliefs in the Hawaiian concept of <em><a href=\"https://en.wikipedia.org/wiki/Ohana\">ʻohana</a></em>, meaning <a href=\"https://en.wikipedia.org/wiki/Extended_family\">family</a>, Stitch <a href=\"https://en.wikipedia.org/wiki/Character_arc\">developed</a> from an uncaring, destructive creature to a loving, more <a href=\"https://en.wikipedia.org/wiki/Self-consciousness\">self-conscious</a> being who enjoys the company of his adoptive family on <a href=\"https://en.wikipedia.org/wiki/Earth\">Earth</a>.</p><p>He became a firm believer of the <em>ʻohana</em> concept, and with the help of Lilo applied it to reform Jumba\'s 625 prior experiments, nearly all of whom Stitch treats as his \"<a href=\"https://en.wikipedia.org/wiki/Cousin\">cousins</a>\".</p>', '2010-10-01 00:00:00', '6d120ee4db52e9d7bd88f97d7c7f278e.jpg', 'stitch');
INSERT INTO `bobblehead` (`bobblehead_id`, `collection_id`, `name`, `description`, `sale_date`, `img_url`, `slug`) VALUES ('9', '5', 'Genie', '<p><strong>Genie</strong> is an all-powerful spirit (a \"jinni\") residing in a <a href=\"http://disney.wikia.com/wiki/Genie%27s_Lamp\">magical oil lamp</a> and the tritagonist in <a href=\"http://disney.wikia.com/wiki/Walt_Disney_Animation_Studios\">Disney</a>\'s <a href=\"http://disney.wikia.com/wiki/1992\">1992</a> animated feature film, <em><a href=\"http://disney.wikia.com/wiki/Aladdin_(film)\">Aladdin</a></em>.</p>\n<p>Genie is loosely based off the Genie of the Lamp featured in the <em>One Thousand and One Nights</em> folk tale <em>Aladdin</em>. The figure in the tale, while important, was portrayed as a mere servant, while the Disney interpretation was greatly expanded into an identifiable character personality, the most notable difference being the Disney genie\'s ultimate wish to be free.</p><p>Like most popular depictions of genies, Disney\'s Genie was originally a slave. Though he possesses \"phenomenal cosmic powers\", he is bound to an \"itty bitty living space\" and can only use his powers when the owner of the lamp (his master) makes a wish; he occasionally does things without granting a wish, but never anything that greatly affects the world around him.</p><p>He is also bound by three laws; he cannot kill anyone, he cannot make people fall in love with each other, and he cannot revive the dead. It is possible, however, that he can do the third one, but as he puts it, \"It\'s not a pretty picture. I don\'t like doing it!\". Alternatively, it could mean that while he can revive a person\'s <em>corpse</em>, he cannot bring them back proper.</p><p>Each master has three wishes, and cannot exceed this amount by wishing for more wishes. The lamp comes into the possession of Aladdin during the course of the first film, and he remains in servitude until Aladdin uses his third and final wish to grant Genie his freedom at the end of the film.</p><p>As well as largely driving the plot in the first movie, Genie serves as a comic relief element in each of his appearances. He is shown to have shape-shifting abilities, which allow for many and varied sight gags. His supernatural disposition permits him to break the fourth wall, as well as parody real-life people and popular culture completely outside of the boundaries of the universe in which he is contained.</p><p>Robin Williams is responsible for most of these because he improvised many of the lines in the film. Genie\'s true name, if he has one, has never been revealed; he answers to being called \"Genie\", and never says that he has a real name, though it\'s implied he forgot his true name after ten thousand years.</p>', '2009-01-01 00:00:00', 'bba1f7fc39079caaeb39a44e9ad8d8cc.jpg', 'genie');
INSERT INTO `bobblehead` (`bobblehead_id`, `collection_id`, `name`, `description`, `sale_date`, `img_url`, `slug`) VALUES ('10', '5', 'Carl Fredricksen', '<p><strong>Carl Fredricksen</strong> is the protagonist in <em><a href=\"http://pixar.wikia.com/wiki/Up\">Up</a></em>. He also appeared in <em><a href=\"http://pixar.wikia.com/wiki/Dug%27s_Special_Mission\">Dug\'s Special Mission</a></em> as a supporting character and in <em><a href=\"http://pixar.wikia.com/wiki/George_and_A.J.\">George and A.J.</a></em> as a minor character.</p><p>In 1939, 9-year-old Carl Fredricksen<a href=\"http://pixar.wikia.com/wiki/Carl_Fredricksen#cite_note-0\">[1]</a> was a shy, quiet boy who idolized renowned explorer <a href=\"http://pixar.wikia.com/wiki/Charles_F._Muntz\">Charles F. Muntz</a>. One day, Carl befriended an adventurous girl named <a href=\"http://pixar.wikia.com/wiki/Ellie_Fredricksen\">Ellie</a>, who is also a Muntz fan. She confided to Carl her desire to move her \"clubhouse\" — an abandoned house in the neighborhood — to a cliff overlooking <a href=\"http://pixar.wikia.com/wiki/Paradise_Falls\">Paradise Falls</a>, and makes him promise to help her.</p><p>Carl and Ellie eventually got married and grew old together in the restored house, working in a zoo as a balloon vendor and zookeeper, respectively. Unable to have children, they repeatedly pool their savings for a trip to Paradise Falls, but end up spending it on more pressing needs.</p><p>Just as Carl and Ellie (who are both now senior citizens) finally seem to be able to take their trip, Ellie contracts an illness and dies of old age, leaving Carl living by himself, becoming bitter and cranky and missing his wife terribly. As the years passed, the city grew around Carl\'s <a href=\"http://pixar.wikia.com/wiki/Carl%27s_House\">old house</a> with construction, as he refused to move.</p><p>After a fight with a construction worker named <a href=\"http://pixar.wikia.com/wiki/Construction_Worker_Steve\">Steve</a> over his broken mailbox, the court labeled Carl as a public menace and ordered him to move into <a href=\"http://pixar.wikia.com/wiki/Shady_Oaks_Retirement_Home\">Shady Oaks Retirement Home</a>. Carl came up with a scheme to keep his promise to Ellie, and he used his old professional supplies to create a makeshift airship, using 10,000 helium balloons (although in real life, it would require over 1 million), which lifted Carl\'s house off its foundations. <a href=\"http://pixar.wikia.com/wiki/Russell\">Russell</a>, a young Wilderness Explorer (a fictional scouting organization), becomes an accidental passenger in his effort to earn his final merit badge for assisting the elderly.</p>', '2011-01-01 00:00:00', '250e1aea35e2498d2068e08c3de18403.jpg', 'carl-fredricksen');
INSERT INTO `bobblehead` (`bobblehead_id`, `collection_id`, `name`, `description`, `sale_date`, `img_url`, `slug`) VALUES ('11', '5', 'Simba', '<p><strong>Simba</strong> is the protagonist of the <a href=\"http://disney.wikia.com/wiki/1994\">1994</a> <a href=\"http://disney.wikia.com/wiki/Walt_Disney_Animation_Studios\">Disney</a> animated feature film, <em><a href=\"http://disney.wikia.com/wiki/The_Lion_King\">The Lion King</a></em>.</p><p>The son of <a href=\"http://disney.wikia.com/wiki/Mufasa\">Mufasa</a> and <a href=\"http://disney.wikia.com/wiki/Sarabi\">Sarabi</a>, Simba was next in line to rule the <a href=\"http://disney.wikia.com/wiki/Pride_Lands\">Pride Lands</a>. However, after his evil uncle <a href=\"http://disney.wikia.com/wiki/Scar\">Scar</a> murders Mufasa and blames Simba for the former\'s death, the young lion cub is sentenced to exile while Scar rules as king. It was then up to Simba to return to the Pride Lands and reclaim his throne and rightful place in the great circle of life.</p><p>Upon entering adulthood, Simba marries his childhood friend <a href=\"http://disney.wikia.com/wiki/Nala\">Nala</a> and has two cubs with her named <a href=\"http://disney.wikia.com/wiki/Kiara\">Kiara</a> and <a href=\"http://disney.wikia.com/wiki/Kion\">Kion</a>.</p>', '2004-01-01 01:10:00', '098051b2bdb5f75030a31dba807fde3e.jpg', 'simba');
INSERT INTO `bobblehead` (`bobblehead_id`, `collection_id`, `name`, `description`, `sale_date`, `img_url`, `slug`) VALUES ('12', '5', 'Jack Sparrow', '<p><strong>Jack Sparrow</strong> was a legendary <a href=\"http://pirates.wikia.com/wiki/Pirate\">pirate</a> of the <a href=\"http://pirates.wikia.com/wiki/Seven_Seas\">Seven Seas</a>, and the irreverent <a href=\"http://pirates.wikia.com/wiki/Trickster\">trickster</a> of the <a href=\"http://pirates.wikia.com/wiki/Caribbean\">Caribbean</a>.</p><p>A <a href=\"http://pirates.wikia.com/wiki/Captain\">captain</a> of equally dubious morality and sobriety, a master of self-promotion and self-interest, Jack fought a constant and losing battle with his own best tendencies. Jack\'s first love was the sea, his second, his beloved ship the <em><a href=\"http://pirates.wikia.com/wiki/Black_Pearl\">Black Pearl</a></em>.</p><p>The son of <a href=\"http://pirates.wikia.com/wiki/Edward_Teague\">Captain Edward Teague</a>, Jack Sparrow was born on a pirate ship in a <a href=\"http://pirates.wikia.com/wiki/Typhoon\">typhoon</a>. Before he was known as \"Captain Jack Sparrow\", he was simply known as Jack, a teenage stowaway who even then had a desire for adventure.</p><p>Jack first sailed on the <em><a href=\"http://pirates.wikia.com/wiki/Barnacle\">Barnacle</a></em> with a <a href=\"http://pirates.wikia.com/wiki/Crew_of_the_Barnacle\">young ragtag crew</a> on a quest to locate and procure the legendary <a href=\"http://pirates.wikia.com/wiki/Sword_of_Cort%C3%A9s\">Sword of Cortés</a>. As a young pirate he earned the name Jack Sparrow when he trapped the notorious Spanish pirate hunter <a href=\"http://pirates.wikia.com/wiki/Armando_Salazar\">Capitán Salazar</a> in the <a href=\"http://pirates.wikia.com/wiki/Devil%27s_Triangle\">Devil\'s Triangle</a>.</p><p>Years after his teenage adventures, an encounter with the infamous <a href=\"http://pirates.wikia.com/wiki/Rogue_pirates\">rogue pirates</a> forced him to abandon the pirate life and take employment in the <a href=\"http://pirates.wikia.com/wiki/East_India_Trading_Company\">East India Trading Company</a>.</p><p>After five years of faithful service, during which he sailed across all the <a href=\"http://pirates.wikia.com/wiki/Seven_Seas\">Seven Seas</a>, he was given command of the <em><a href=\"http://pirates.wikia.com/wiki/Black_Pearl\">Wicked Wench</a></em>, a ship owned by <a href=\"http://pirates.wikia.com/wiki/Cutler_Beckett\">Cutler Beckett</a>, the EITC Director for <a href=\"http://pirates.wikia.com/wiki/Africa\">West Africa</a>. As Beckett\'s employee, Jack searched for the mystical island of <a href=\"http://pirates.wikia.com/wiki/Kerma_%28island%29\">Kerma</a> and its legendary <a href=\"http://pirates.wikia.com/wiki/Treasure\">treasure</a>, until he decided to betray Beckett and keep the island and its inhabitants safe from Beckett and his <a href=\"http://pirates.wikia.com/wiki/Slavery\">slave traders</a>.</p><p>When Beckett contracted him to transport a cargo of slaves to the <a href=\"http://pirates.wikia.com/wiki/Bahamas\">Bahamas</a>, Jack chose to liberate them and steal the <em>Wench</em> from Beckett. However, Beckett\'s men managed to find him and <a href=\"http://pirates.wikia.com/wiki/Pirate_brand\">branded him as a pirate</a>, while the <em>Wench</em> was set aflame and sunk.</p><p>After striking a bargain with <a href=\"http://pirates.wikia.com/wiki/Davy_Jones\">Davy Jones</a>, the ghostly captain of the <em><a href=\"http://pirates.wikia.com/wiki/Flying_Dutchman\">Flying Dutchman</a></em>, to resurrect his beloved vessel, Jack had the <em>Wench</em> renamed the <em>Black Pearl</em> and began the pirate life anew. At some point, Jack Sparrow became one of the nine <a href=\"http://pirates.wikia.com/wiki/Pirate_Lord\">Pirate Lords</a>, his domain being the <a href=\"http://pirates.wikia.com/wiki/Caribbean_Sea\">Caribbean Sea</a>.</p>', '2017-05-04 10:00:00', '89509b7923288cbb2782b8037ee2f0ff.jpg', 'jack-sparrow');
INSERT INTO `bobblehead` (`bobblehead_id`, `collection_id`, `name`, `description`, `sale_date`, `img_url`, `slug`) VALUES ('13', '6', 'Heimdall', '<p><strong>Heimdall</strong> is the all-seeing and all-knowing <a href=\"http://marvel-movies.wikia.com/wiki/Asgardians\">Asgardian</a> warrior-god and the guardian of the rainbow bridge, <a href=\"http://marvel-movies.wikia.com/wiki/Bifrost_Bridge\">Bifrost</a>, watching for any attacks on <a href=\"http://marvel-movies.wikia.com/wiki/Asgard\">Asgard</a>.</p><p>Heimdall is an <a href=\"http://marvel-movies.wikia.com/wiki/Asgardians\">Asgardian</a> blessed with sensory capabilities far beyond those of other Asgardians, and these senses have been put to use placing Heimdall in the role of gatekeeper to Asgard at his observatory on the Bifrost Bridge.</p><p>Despite his phenomenal ability however, Heimdall was unable to perceive an intrusion by several jotuns when they stole into the vaults of <a href=\"http://marvel-movies.wikia.com/wiki/Odin\">Odin</a>. This same intrusion also sparked the ire of Odin\'s son <a href=\"http://marvel-movies.wikia.com/wiki/Thor_(character)\">Thor</a>, who came to Heimdall, with several of his friends, seeking access to <a href=\"http://marvel-movies.wikia.com/wiki/Jotunheim\">Jotunheim</a>.</p><p>Although Heimdall agreed to let them pass and accepted their request that he keep their movements secret, his loyalty to Odin was stronger and he immediately reported their departure. Odin\'s reaction was swift and had Heimdall opening the Bifrost twice more in quick succession to allow Odin to retrieve his people.</p>', '2013-02-02 01:01:00', 'cfcf99baa861570ecbd6054de47f9787.jpg', 'heimdall');
INSERT INTO `bobblehead` (`bobblehead_id`, `collection_id`, `name`, `description`, `sale_date`, `img_url`, `slug`) VALUES ('14', '5', 'Wall-E', '<p>This last operational WALL•E numbered \"62,675\" is hard at work, blissfully unaware of the futility of his situation.</p><p>During this time he befriends a cockroach (whom he names <a href=\"http://pixar.wikia.com/wiki/Hal\">Hal</a>). Though he continues obeying his directive to compact trash, as he develops curiosity, he begins saving odds and ends that fascinate him.</p><p>He hides out from sandstorms and rain in <a href=\"http://pixar.wikia.com/wiki/WALL%E2%80%A2E_transport_vehicle\">his truck</a>, spending his time sorting his collection, the pride of which is an old VHS copy of the musical \"<a href=\"http://en.wikipedia.org/wiki/Hello,_Dolly!_(song)\">Hello, Dolly!</a>\". To keep himself going, he has taken to salvaging parts from his inoperative counterparts.</p>', '2009-01-01 04:20:00', 'f745f933e6ee3b9aa7f96dada2203be8.jpg', 'wall-e');
INSERT INTO `bobblehead` (`bobblehead_id`, `collection_id`, `name`, `description`, `sale_date`, `img_url`, `slug`) VALUES ('15', '4', 'Biker Scout', '<p><strong>Scout troopers</strong>, also known as <strong>biker scouts</strong>, were specially trained <a href=\"http://starwars.wikia.com/wiki/Stormtrooper\">stormtroopers</a> of the <a href=\"http://starwars.wikia.com/wiki/Imperial_Army\">Imperial Army</a>\'s <a href=\"http://starwars.wikia.com/wiki/Stormtrooper_Corps\">Stormtrooper Corps</a>.</p><p>Preceded by the <a href=\"http://starwars.wikia.com/wiki/Clone_scout_trooper\">clone scout troopers</a> of the <a href=\"http://starwars.wikia.com/wiki/Galactic_Republic\">Galactic Republic</a>, scout troopers provided excellent long-range fire for their stormtrooper counterparts.<a href=\"http://starwars.wikia.com/wiki/Scout_trooper#cite_note-Ultimate_SW-2\">[3]</a></p><p>Scout troopers could be found aboard <a href=\"http://starwars.wikia.com/wiki/Anakin_Skywalker\">Darth Vader\'s</a> personal fleet, <a href=\"http://starwars.wikia.com/wiki/Death_Squadron\">Death Squadron</a>. One of the scout troopers\' priorities were to aid the <a href=\"http://starwars.wikia.com/wiki/Sith_Lord\">Sith Lord</a> in squashing out the Rebel Alliance along with its sympathisers and secret allies.<a href=\"http://starwars.wikia.com/wiki/Scout_trooper#cite_note-Ultimate_SW-2\">[3]</a></p><p>Scout troopers notably protected the <a href=\"http://starwars.wikia.com/wiki/SLD-26_planetary_shield_generator/Canon\">SLD-26 planetary shield generator</a> (which protected the construction of the <a href=\"http://starwars.wikia.com/wiki/Death_Star_II\">Death Star II</a> over the forest moon of <a href=\"http://starwars.wikia.com/wiki/Endor\">Endor</a>) since the remoteness of the shield bunker necessitated speeder bikes and the thick forest environment demanded quick reflexes to traverse the landscape at high speeds.</p>', '2014-01-01 08:30:00', 'e68c5e3a88577b05fd7b00ae8a57fd86.jpg', 'biker-scout');
INSERT INTO `bobblehead` (`bobblehead_id`, `collection_id`, `name`, `description`, `sale_date`, `img_url`, `slug`) VALUES ('16', '6', 'Cyclops', '<p><strong>Cyclops</strong> (<strong>Scott Summers</strong>) is a founding member of the <a href=\"https://en.wikipedia.org/wiki/X-Men\">X-Men</a>.</p><p>Created by writer <a href=\"https://en.wikipedia.org/wiki/Stan_Lee\">Stan Lee</a> and artist <a href=\"https://en.wikipedia.org/wiki/Jack_Kirby\">Jack Kirby</a>, the character first appeared in the comic book <a href=\"https://en.wikipedia.org/wiki/Uncanny_X-Men\"><em>The X-Men</em></a> #1 (September 1963).</p><p>Cyclops is a member of a subspecies of humans known as <a href=\"https://en.wikipedia.org/wiki/Mutant_(Marvel_Comics)\">mutants</a>, who are born with superhuman abilities. Cyclops can emit powerful beams of energy from his eyes.</p><p>He cannot control the beams without the aid of special eyewear which he must wear at all times. He is typically considered the first of the <a href=\"https://en.wikipedia.org/wiki/X-Men\">X-Men</a>,<a href=\"https://en.wikipedia.org/wiki/Cyclops_(comics)#cite_note-IGN1-1\">[1]</a> a team of mutant heroes who fight for peace and equality between mutants and humans, and one of the team\'s primary leaders.</p>', '2009-01-01 08:30:00', 'a9d66c69beda5deb66abd1eabdaa5da9.jpg', 'cyclops');
INSERT INTO `bobblehead` (`bobblehead_id`, `collection_id`, `name`, `description`, `sale_date`, `img_url`, `slug`) VALUES ('17', '5', 'Professor X', '<p><strong>Professor X</strong> (born <strong>Charles Francis Xavier</strong>) was a mutant, the leader and creator of the <a href=\"http://xmenmovies.wikia.com/wiki/X-Men\">X-Men</a> and the founder of the <a href=\"http://xmenmovies.wikia.com/wiki/X-Mansion\">Xavier School for Gifted Youngsters</a>.</p><p>His dream of a peaceful coexistence between mutants and humanity has long been the driving force for the X-Men.</p><p>An immensely powerful telepath and scientific genius, Professor X had been known as the heart and soul of the X-Men, having first formed the team of mutants back in 1962.</p>', '2012-04-20 00:00:00', 'e046374f26f15af78c8929a7b062fae5.jpg', 'professor-x');
INSERT INTO `bobblehead` (`bobblehead_id`, `collection_id`, `name`, `description`, `sale_date`, `img_url`, `slug`) VALUES ('18', '6', 'Magneto', '<p><strong>Magneto</strong> (born <strong>Erik Magnus Lehnsherr</strong>) is a mutant, leader and founder of the <a href=\"http://xmenmovies.wikia.com/wiki/Brotherhood_of_Mutants\">Brotherhood of Mutants</a>.</p><p>He has the ability to manipulate create magnetic fields and control metal telekinetically.</p><p>Magneto is one of the most infamous mutants, having a stand against humans due to him being a part of the Holocaust and how humans are known to hate and fear mutants. Similarly to <a href=\"http://xmenmovies.wikia.com/wiki/Professor_X\">Professor X</a>, Magneto has a strong belief and formed a team of his own, the Brotherhood of Mutants, after he was a founding member of the <a href=\"http://xmenmovies.wikia.com/wiki/X-Men\">X-Men</a> with Professor X, having been good friends.</p><p>Unlike Professor X, Magneto\'s team\'s belief and goal isn\'t to equally live with humans, but to rise above and rule them.</p>', '2017-05-17 08:44:00', '5c1a98c70bc07402e45387c441ee65da.jpg', 'magneto');
INSERT INTO `bobblehead` (`bobblehead_id`, `collection_id`, `name`, `description`, `sale_date`, `img_url`, `slug`) VALUES ('19', '6', 'Hulk', '<p>Bruce Banner was born on December 18, 1969, and became a renowned research scientist, biochemist and genius in nuclear physics working at <a href=\"http://marvel.wikia.com/wiki/Culver_University\">Culver University</a>, along with his former Harvard co-ed/girlfriend and cellular biologist <a href=\"http://marvel.wikia.com/wiki/Elizabeth_Ross_(Earth-199999)\">Dr. Elizabeth \"Betty\" Ross</a>.</p><p>Under the watch of Betty\'s father, Lieutenant General <a href=\"http://marvel.wikia.com/wiki/Thaddeus_Ross_(Earth-199999)\">Thaddeus \"Thunderbolt\" Ross</a>, both scientists were recruited by the <a href=\"http://marvel.wikia.com/wiki/United_States_Army_(Earth-199999)\">US Army</a> to work on a top-secret <a href=\"http://marvel.wikia.com/wiki/Glossary:Super_Soldier_Serum#Marvel_Cinematic_Universe_.28Earth-199999.29\">bio-tech force enhancement</a> research program, being part of their private and undisclosed attempt to recreate the <a href=\"http://marvel.wikia.com/wiki/World_War_II\">WWII</a> super-soldier formula that created <a href=\"http://marvel.wikia.com/wiki/Steven_Rogers_(Earth-199999)\">Captain America</a>, as a preventive measure for the next generation of warfare.</p><p>Unbeknownst to Banner, who was working on the subdivision responsible to strengthen human cellular resistance to radiation, a serum developed with Dr. Betty Ross would be enhanced by military scientists, transforming the soldier protection original formula into a biological weapon.</p>', '2004-10-03 04:44:00', 'e6920cfe13118409479cabf132dbf61a.jpg', 'hulk');


#
# TABLE STRUCTURE FOR: collections
#

DROP TABLE IF EXISTS `collections`;

CREATE TABLE `collections` (
  `collection_id` int(5) unsigned NOT NULL AUTO_INCREMENT,
  `collection_name` varchar(255) NOT NULL,
  `collection_description` text NOT NULL,
  `collection_slug` varchar(255) NOT NULL,
  KEY `collection_id` (`collection_id`)
) ENGINE=InnoDB AUTO_INCREMENT=7 DEFAULT CHARSET=utf8;

INSERT INTO `collections` (`collection_id`, `collection_name`, `collection_description`, `collection_slug`) VALUES ('4', 'Star Wars', '<p><em><strong>Star Wars</strong></em> is an American <a href=\"https://en.wikipedia.org/wiki/Epic_film\">epic</a> <a href=\"https://en.wikipedia.org/wiki/Space_opera\">space opera</a> franchise, centered on a <a href=\"https://en.wikipedia.org/wiki/Film_series\">film series</a> created by <a href=\"https://en.wikipedia.org/wiki/George_Lucas\">George Lucas</a>. It depicts the adventures of various characters \"a long time ago in a galaxy far, far away\".</p><p>The franchise began in 1977 with the release of the film <em><a href=\"https://en.wikipedia.org/wiki/Star_Wars_(film)\">Star Wars</a></em> (later subtitled <em>Episode IV: A New Hope</em> in 1981),<a href=\"https://en.wikipedia.org/wiki/Star_Wars#cite_note-2\">[2]</a><a href=\"https://en.wikipedia.org/wiki/Star_Wars#cite_note-3\">[3]</a> which became a worldwide <a href=\"https://en.wikipedia.org/wiki/Popular_culture\">pop culture</a> <a href=\"https://en.wikipedia.org/wiki/Cultural_impact_of_Star_Wars\">phenomenon</a>. It was followed by the successful sequels <em><a href=\"https://en.wikipedia.org/wiki/The_Empire_Strikes_Back\">The Empire Strikes Back</a></em> (1980) and <em><a href=\"https://en.wikipedia.org/wiki/Return_of_the_Jedi\">Return of the Jedi</a></em> (1983); these three films constitute the original <em>Star Wars</em> trilogy. A prequel trilogy was released between 1999 and 2005, which received mixed reactions from both critics and fans. A <a href=\"https://en.wikipedia.org/wiki/Star_Wars_sequel_trilogy\">sequel trilogy</a> began in 2015 with the release of <em><a href=\"https://en.wikipedia.org/wiki/Star_Wars:_The_Force_Awakens\">Star Wars: The Force Awakens</a></em>. All seven films were nominated for <a href=\"https://en.wikipedia.org/wiki/Academy_Awards\">Academy Awards</a> (with wins going to the first two films) and have been commercial successes, with a combined box office revenue of over $7.5 billion,<a href=\"https://en.wikipedia.org/wiki/Star_Wars#cite_note-4\">[4]</a> making <em>Star Wars</em> the <a href=\"https://en.wikipedia.org/wiki/List_of_highest-grossing_films#Highest-grossing_franchises_and_film_series\">third highest-grossing film series</a>.<a href=\"https://en.wikipedia.org/wiki/Star_Wars#cite_note-Numbers_franchises-5\">[5]</a> <a href=\"https://en.wikipedia.org/wiki/Spin-off_(media)\">Spin-off</a> films include the animated <em><a href=\"https://en.wikipedia.org/wiki/Star_Wars:_The_Clone_Wars_(film)\">Star Wars: The Clone Wars</a></em> (2008) and <em><a href=\"https://en.wikipedia.org/wiki/Rogue_One\">Rogue One</a></em> (2016), the latter of which is the first in an upcoming series of <a href=\"https://en.wikipedia.org/wiki/Anthology_series\">anthology</a> films.</p><p>Sourced from Wikipedia</p>', 'star-wars');
INSERT INTO `collections` (`collection_id`, `collection_name`, `collection_description`, `collection_slug`) VALUES ('5', 'Disney', '<p>Disney was founded on October 16, 1923 – by brothers <a href=\"https://en.wikipedia.org/wiki/Walt_Disney\">Walt Disney</a> and <a href=\"https://en.wikipedia.org/wiki/Roy_O._Disney\">Roy O. Disney</a> – as the <strong>Disney Brothers Cartoon Studio</strong>, and established itself as a leader in the American animation industry before diversifying into live-action film production, television, and theme parks.</p><p>The company also operated under the names <strong>The Walt Disney Studio</strong> and then <strong>Walt Disney Productions</strong>. Taking on its current name in 1986, it expanded its existing operations and also started divisions focused upon theater, radio, music, publishing, and <a href=\"https://en.wikipedia.org/wiki/Online_media\">online media</a>.</p><p>In addition, Disney has since created corporate divisions in order to market more mature content than is typically associated with its flagship family-oriented brands.</p><p>The company is best known for the products of its film studio, <a href=\"https://en.wikipedia.org/wiki/Walt_Disney_Studios_(division)\">Walt Disney Studios</a>, which is today one of the <a href=\"https://en.wikipedia.org/wiki/Major_film_studio\">largest and best-known studios</a> in <a href=\"https://en.wikipedia.org/wiki/Cinema_of_the_United_States\">American cinema</a>.</p><p>Disney\'s other three main divisions are <a href=\"https://en.wikipedia.org/wiki/Walt_Disney_Parks_and_Resorts\">Walt Disney Parks and Resorts</a>, <a href=\"https://en.wikipedia.org/wiki/Disney_Media_Networks\">Disney Media Networks</a>, and <a href=\"https://en.wikipedia.org/wiki/Disney_Consumer_Products#Disney_Consumer_Products_and_Interactive_Media\">Disney Consumer Products and Interactive Media</a>.<a href=\"https://en.wikipedia.org/wiki/The_Walt_Disney_Company#cite_note-disneybiz-4\">[4]</a></p><p>Disney also owns and operates the <a href=\"https://en.wikipedia.org/wiki/American_Broadcasting_Company\">ABC</a> broadcast television network; cable television networks such as <a href=\"https://en.wikipedia.org/wiki/Disney_Channel\">Disney Channel</a>, <a href=\"https://en.wikipedia.org/wiki/ESPN\">ESPN</a>, <a href=\"https://en.wikipedia.org/wiki/A%2BE_Networks\">A+E Networks</a>, and <a href=\"https://en.wikipedia.org/wiki/Freeform_(TV_channel)\">Freeform</a>; publishing, <a href=\"https://en.wikipedia.org/wiki/Merchandising\">merchandising</a>, music, and theatre divisions; and owns and licenses <a href=\"https://en.wikipedia.org/wiki/Walt_Disney_Parks_and_Resorts\">14 theme parks around the world</a>.</p>', 'disney');
INSERT INTO `collections` (`collection_id`, `collection_name`, `collection_description`, `collection_slug`) VALUES ('6', 'Marvel', '<p><strong>Marvel Comics</strong> is the common name and primary imprint of <strong>Marvel Worldwide Inc.</strong>, formerly <strong>Marvel Publishing, Inc.</strong> and <strong>Marvel Comics Group</strong>, an American publisher of <a href=\"https://en.wikipedia.org/wiki/Comic_books\">comic books</a> and related media. In 2009, <a href=\"https://en.wikipedia.org/wiki/The_Walt_Disney_Company\">The Walt Disney Company</a> acquired <a href=\"https://en.wikipedia.org/wiki/Marvel_Entertainment\">Marvel Entertainment</a>, Marvel Worldwide\'s parent company.</p><p>Marvel started in 1939 as <a href=\"https://en.wikipedia.org/wiki/Timely_Comics\">Timely Publications</a>, and by the early 1950s had generally become known as <a href=\"https://en.wikipedia.org/wiki/Atlas_Comics_%281950s%29\">Atlas Comics</a>. Marvel\'s modern incarnation dates from 1961, the year that the company launched <em><a href=\"https://en.wikipedia.org/wiki/The_Fantastic_Four\">The Fantastic Four</a></em> and other superhero titles created by <a href=\"https://en.wikipedia.org/wiki/Stan_Lee\">Stan Lee</a>, <a href=\"https://en.wikipedia.org/wiki/Jack_Kirby\">Jack Kirby</a>, <a href=\"https://en.wikipedia.org/wiki/Steve_Ditko\">Steve Ditko</a> and many others.</p><p>Marvel counts among <a href=\"https://en.wikipedia.org/wiki/List_of_Marvel_Comics_characters\">its characters</a> such well-known superheroes as <a href=\"https://en.wikipedia.org/wiki/Iron_Man\">Iron Man</a>, <a href=\"https://en.wikipedia.org/wiki/Captain_America\">Captain America</a>, <a href=\"https://en.wikipedia.org/wiki/Hulk_%28comics%29\">Hulk</a>, <a href=\"https://en.wikipedia.org/wiki/Thor_%28Marvel_Comics%29\">Thor</a>, <a href=\"https://en.wikipedia.org/wiki/Doctor_Strange\">Doctor Strange</a>, <a href=\"https://en.wikipedia.org/wiki/Spider-Man\">Spider-Man</a>, <a href=\"https://en.wikipedia.org/wiki/Deadpool\">Deadpool</a>, <a href=\"https://en.wikipedia.org/wiki/Wolverine_%28character%29\">Wolverine</a>, <a href=\"https://en.wikipedia.org/wiki/Daredevil_%28Marvel_Comics_character%29\">Daredevil</a>, <a href=\"https://en.wikipedia.org/wiki/Ms._Marvel\">Ms. Marvel</a> and <a href=\"https://en.wikipedia.org/wiki/Ant-Man\">Ant-Man</a>, such teams as the <a href=\"https://en.wikipedia.org/wiki/Avengers_%28comics%29\">Avengers</a>, the <a href=\"https://en.wikipedia.org/wiki/Guardians_of_the_Galaxy_%28disambiguation%29\">Guardians of the Galaxy</a>, the <a href=\"https://en.wikipedia.org/wiki/Inhumans\">Inhumans</a>, the <a href=\"https://en.wikipedia.org/wiki/Fantastic_Four\">Fantastic Four</a>, and the <a href=\"https://en.wikipedia.org/wiki/X-Men\">X-Men</a>, and antagonists such as <a href=\"https://en.wikipedia.org/wiki/Doctor_Doom\">Doctor Doom</a>, <a href=\"https://en.wikipedia.org/wiki/Red_Skull\">Red Skull</a>, <a href=\"https://en.wikipedia.org/wiki/Green_Goblin\">Green Goblin</a>, <a href=\"https://en.wikipedia.org/wiki/Thanos\">Thanos</a>, <a href=\"https://en.wikipedia.org/wiki/Ultron\">Ultron</a>, <a href=\"https://en.wikipedia.org/wiki/Doctor_Octopus\">Doctor Octopus</a>, <a href=\"https://en.wikipedia.org/wiki/Magneto_%28comics%29\">Magneto</a>, <a href=\"https://en.wikipedia.org/wiki/Venom_%28comics%29\">Venom</a> and <a href=\"https://en.wikipedia.org/wiki/Loki_%28comics%29\">Loki</a>.</p><p>Most of Marvel\'s fictional characters operate in a single reality known as the <a href=\"https://en.wikipedia.org/wiki/Marvel_Universe\">Marvel Universe</a>, with locations that mirror real-life cities. Characters such as Spider-Man, the Fantastic Four, the Avengers, Daredevil and Doctor Strange are based in New York City,<a href=\"https://en.wikipedia.org/wiki/Marvel_Comics#cite_note-1\">[1]</a><a href=\"https://en.wikipedia.org/wiki/Marvel_Comics#cite_note-2\">[2]</a> whereas the X-Men have historically been based in <a href=\"https://en.wikipedia.org/wiki/North_Salem,_New_York\">Salem Center, New York</a><a href=\"https://en.wikipedia.org/wiki/Marvel_Comics#cite_note-3\">[3]</a><a href=\"https://en.wikipedia.org/wiki/Marvel_Comics#cite_note-4\">[4]</a><a href=\"https://en.wikipedia.org/wiki/Marvel_Comics#cite_note-5\">[5]</a> and Hulk\'s stories often have been set in the <a href=\"https://en.wikipedia.org/wiki/Southwestern_United_States\">Southwestern United States</a>.</p>', 'marvel');


#
# TABLE STRUCTURE FOR: inquiries
#

DROP TABLE IF EXISTS `inquiries`;

CREATE TABLE `inquiries` (
  `inquiry_id` int(5) unsigned NOT NULL AUTO_INCREMENT,
  `user_id` int(5) unsigned DEFAULT NULL,
  `user_fullname` varchar(255) NOT NULL,
  `user_email` varchar(255) NOT NULL,
  `custom_description` text NOT NULL,
  `img_url` varchar(255) DEFAULT NULL,
  `bobblehead_id` int(5) unsigned NOT NULL,
  KEY `inquiry_id` (`inquiry_id`)
) ENGINE=InnoDB AUTO_INCREMENT=35 DEFAULT CHARSET=utf8;

INSERT INTO `inquiries` (`inquiry_id`, `user_id`, `user_fullname`, `user_email`, `custom_description`, `img_url`, `bobblehead_id`) VALUES ('1', '3', 'test1', 'test1@test1.local', '<p>Test1</p>', '2f58eefb440c29a28a540efc3b347f73.jpg', '4');
INSERT INTO `inquiries` (`inquiry_id`, `user_id`, `user_fullname`, `user_email`, `custom_description`, `img_url`, `bobblehead_id`) VALUES ('2', '4', 'Blah', 'blah@blah.local', '<p>This is a test</p>\n<p>This is a second paragraph</p>', '2f58eefb440c29a28a540efc3b347f73.jpg', '5');
INSERT INTO `inquiries` (`inquiry_id`, `user_id`, `user_fullname`, `user_email`, `custom_description`, `img_url`, `bobblehead_id`) VALUES ('3', '5', 'Blah 2', 'blah2@blah.local', '<p>Test</p>', '2f58eefb440c29a28a540efc3b347f73.jpg', '5');
INSERT INTO `inquiries` (`inquiry_id`, `user_id`, `user_fullname`, `user_email`, `custom_description`, `img_url`, `bobblehead_id`) VALUES ('4', '5', 'Blah 2', 'blah2@blah.local', '<p>Test</p>', '2f58eefb440c29a28a540efc3b347f73.jpg', '5');
INSERT INTO `inquiries` (`inquiry_id`, `user_id`, `user_fullname`, `user_email`, `custom_description`, `img_url`, `bobblehead_id`) VALUES ('5', '5', 'Blah 2', 'blah2@blah.local', '<p>Test</p>', '2f58eefb440c29a28a540efc3b347f73.jpg', '5');
INSERT INTO `inquiries` (`inquiry_id`, `user_id`, `user_fullname`, `user_email`, `custom_description`, `img_url`, `bobblehead_id`) VALUES ('6', '5', 'Blah 2', 'blah2@blah.local', '<p>Test</p>', '2f58eefb440c29a28a540efc3b347f73.jpg', '5');
INSERT INTO `inquiries` (`inquiry_id`, `user_id`, `user_fullname`, `user_email`, `custom_description`, `img_url`, `bobblehead_id`) VALUES ('7', '5', 'Blah 2', 'blah2@blah.local', '<p>Test</p>', '2f58eefb440c29a28a540efc3b347f73.jpg', '5');
INSERT INTO `inquiries` (`inquiry_id`, `user_id`, `user_fullname`, `user_email`, `custom_description`, `img_url`, `bobblehead_id`) VALUES ('8', '5', 'Blah 2', 'blah2@blah.local', '<p>Test</p>', '2f58eefb440c29a28a540efc3b347f73.jpg', '5');
INSERT INTO `inquiries` (`inquiry_id`, `user_id`, `user_fullname`, `user_email`, `custom_description`, `img_url`, `bobblehead_id`) VALUES ('9', '5', 'Blah 2', 'blah2@blah.local', '<p>Test</p>', '2f58eefb440c29a28a540efc3b347f73.jpg', '5');
INSERT INTO `inquiries` (`inquiry_id`, `user_id`, `user_fullname`, `user_email`, `custom_description`, `img_url`, `bobblehead_id`) VALUES ('10', '5', 'Blah 2', 'blah2@blah.local', '<p>Test</p>', '2f58eefb440c29a28a540efc3b347f73.jpg', '5');
INSERT INTO `inquiries` (`inquiry_id`, `user_id`, `user_fullname`, `user_email`, `custom_description`, `img_url`, `bobblehead_id`) VALUES ('11', '5', 'Blah 2', 'blah2@blah.local', '<p>Test</p>', '2f58eefb440c29a28a540efc3b347f73.jpg', '5');
INSERT INTO `inquiries` (`inquiry_id`, `user_id`, `user_fullname`, `user_email`, `custom_description`, `img_url`, `bobblehead_id`) VALUES ('12', '5', 'Blah 2', 'blah2@blah.local', '<p>Test</p>', '2f58eefb440c29a28a540efc3b347f73.jpg', '5');
INSERT INTO `inquiries` (`inquiry_id`, `user_id`, `user_fullname`, `user_email`, `custom_description`, `img_url`, `bobblehead_id`) VALUES ('13', '5', 'Blah 2', 'blah2@blah.local', '<p>Test</p>', '2f58eefb440c29a28a540efc3b347f73.jpg', '5');
INSERT INTO `inquiries` (`inquiry_id`, `user_id`, `user_fullname`, `user_email`, `custom_description`, `img_url`, `bobblehead_id`) VALUES ('14', '5', 'Blah 2', 'blah2@blah.local', '<p>Test</p>', '2f58eefb440c29a28a540efc3b347f73.jpg', '5');
INSERT INTO `inquiries` (`inquiry_id`, `user_id`, `user_fullname`, `user_email`, `custom_description`, `img_url`, `bobblehead_id`) VALUES ('15', '5', 'Blah 2', 'blah2@blah.local', '<p>Test</p>', '2f58eefb440c29a28a540efc3b347f73.jpg', '5');
INSERT INTO `inquiries` (`inquiry_id`, `user_id`, `user_fullname`, `user_email`, `custom_description`, `img_url`, `bobblehead_id`) VALUES ('16', '5', 'Blah 2', 'blah2@blah.local', '<p>Test</p>', '2f58eefb440c29a28a540efc3b347f73.jpg', '5');
INSERT INTO `inquiries` (`inquiry_id`, `user_id`, `user_fullname`, `user_email`, `custom_description`, `img_url`, `bobblehead_id`) VALUES ('17', '5', 'Blah 2', 'blah2@blah.local', '<p>Test</p>', '2f58eefb440c29a28a540efc3b347f73.jpg', '5');
INSERT INTO `inquiries` (`inquiry_id`, `user_id`, `user_fullname`, `user_email`, `custom_description`, `img_url`, `bobblehead_id`) VALUES ('18', '5', 'Blah 2', 'blah2@blah.local', '<p>Test</p>', '2f58eefb440c29a28a540efc3b347f73.jpg', '5');
INSERT INTO `inquiries` (`inquiry_id`, `user_id`, `user_fullname`, `user_email`, `custom_description`, `img_url`, `bobblehead_id`) VALUES ('19', '5', 'Blah 2', 'blah2@blah.local', '<p>Test</p>', '2f58eefb440c29a28a540efc3b347f73.jpg', '5');
INSERT INTO `inquiries` (`inquiry_id`, `user_id`, `user_fullname`, `user_email`, `custom_description`, `img_url`, `bobblehead_id`) VALUES ('20', '5', 'Blah 2', 'blah2@blah.local', '<p>Test</p>', '2f58eefb440c29a28a540efc3b347f73.jpg', '5');
INSERT INTO `inquiries` (`inquiry_id`, `user_id`, `user_fullname`, `user_email`, `custom_description`, `img_url`, `bobblehead_id`) VALUES ('21', '6', 'Blah 3', 'blah3@blah.local', '<p>Test</p>', '2f58eefb440c29a28a540efc3b347f73.jpg', '8');
INSERT INTO `inquiries` (`inquiry_id`, `user_id`, `user_fullname`, `user_email`, `custom_description`, `img_url`, `bobblehead_id`) VALUES ('22', '6', 'Blah 3', 'blah3@blah.local', '<p>Test</p>', '2f58eefb440c29a28a540efc3b347f73.jpg', '8');
INSERT INTO `inquiries` (`inquiry_id`, `user_id`, `user_fullname`, `user_email`, `custom_description`, `img_url`, `bobblehead_id`) VALUES ('23', '6', 'Blah 3', 'blah3@blah.local', '<p>Test</p>', '2f58eefb440c29a28a540efc3b347f73.jpg', '8');
INSERT INTO `inquiries` (`inquiry_id`, `user_id`, `user_fullname`, `user_email`, `custom_description`, `img_url`, `bobblehead_id`) VALUES ('24', '6', 'Blah 3', 'blah3@blah.local', '<p>Test</p>', '2f58eefb440c29a28a540efc3b347f73.jpg', '8');
INSERT INTO `inquiries` (`inquiry_id`, `user_id`, `user_fullname`, `user_email`, `custom_description`, `img_url`, `bobblehead_id`) VALUES ('25', '6', 'Blah 3', 'blah3@blah.local', '<p>Test</p>', '2f58eefb440c29a28a540efc3b347f73.jpg', '8');
INSERT INTO `inquiries` (`inquiry_id`, `user_id`, `user_fullname`, `user_email`, `custom_description`, `img_url`, `bobblehead_id`) VALUES ('26', '6', 'Blah 3', 'blah3@blah.local', '<p>Test</p>', '2f58eefb440c29a28a540efc3b347f73.jpg', '8');
INSERT INTO `inquiries` (`inquiry_id`, `user_id`, `user_fullname`, `user_email`, `custom_description`, `img_url`, `bobblehead_id`) VALUES ('27', '6', 'Blah 3', 'blah3@blah.local', '<p>Test</p>', '2f58eefb440c29a28a540efc3b347f73.jpg', '8');
INSERT INTO `inquiries` (`inquiry_id`, `user_id`, `user_fullname`, `user_email`, `custom_description`, `img_url`, `bobblehead_id`) VALUES ('28', '9', 'Blah 3', 'blah3@blah.local', '<p>Test</p>', '2f58eefb440c29a28a540efc3b347f73.jpg', '4');
INSERT INTO `inquiries` (`inquiry_id`, `user_id`, `user_fullname`, `user_email`, `custom_description`, `img_url`, `bobblehead_id`) VALUES ('29', '9', 'Blah 3', 'blah3@blah.local', '<p>Test</p>', '2f58eefb440c29a28a540efc3b347f73.jpg', '4');
INSERT INTO `inquiries` (`inquiry_id`, `user_id`, `user_fullname`, `user_email`, `custom_description`, `img_url`, `bobblehead_id`) VALUES ('30', '9', 'Blah 3', 'blah3@blah.local', '<p>Test</p>', '2f58eefb440c29a28a540efc3b347f73.jpg', '4');
INSERT INTO `inquiries` (`inquiry_id`, `user_id`, `user_fullname`, `user_email`, `custom_description`, `img_url`, `bobblehead_id`) VALUES ('31', '9', 'Blah 3', 'blah3@blah.local', '<p>Test</p>', '2f58eefb440c29a28a540efc3b347f73.jpg', '4');
INSERT INTO `inquiries` (`inquiry_id`, `user_id`, `user_fullname`, `user_email`, `custom_description`, `img_url`, `bobblehead_id`) VALUES ('32', '9', 'Blah 3', 'blah3@blah.local', '<p>Test</p>', '2f58eefb440c29a28a540efc3b347f73.jpg', '4');
INSERT INTO `inquiries` (`inquiry_id`, `user_id`, `user_fullname`, `user_email`, `custom_description`, `img_url`, `bobblehead_id`) VALUES ('33', '9', 'Blah 3', 'blah3@blah.local', '<p>Test</p>', '2f58eefb440c29a28a540efc3b347f73.jpg', '4');
INSERT INTO `inquiries` (`inquiry_id`, `user_id`, `user_fullname`, `user_email`, `custom_description`, `img_url`, `bobblehead_id`) VALUES ('34', NULL, 'Not Registered', 'unregistered@test.local', '<p>Darth Vader but with my head</p>', '', '4');


#
# TABLE STRUCTURE FOR: migrations
#

DROP TABLE IF EXISTS `migrations`;

CREATE TABLE `migrations` (
  `version` bigint(20) NOT NULL
) ENGINE=InnoDB DEFAULT CHARSET=utf8;

INSERT INTO `migrations` (`version`) VALUES ('20170602013604');


#
# TABLE STRUCTURE FOR: news
#

DROP TABLE IF EXISTS `news`;

CREATE TABLE `news` (
  `news_id` int(5) unsigned NOT NULL AUTO_INCREMENT,
  `news_title` varchar(144) NOT NULL,
  `news_date` datetime NOT NULL,
  `news_content` text,
  `slug` varchar(144) DEFAULT NULL,
  PRIMARY KEY (`news_id`)
) ENGINE=InnoDB AUTO_INCREMENT=6 DEFAULT CHARSET=utf8;

INSERT INTO `news` (`news_id`, `news_title`, `news_date`, `news_content`, `slug`) VALUES ('1', 'Test 1', '2017-04-06 00:00:00', '<p>Lorem ipsum dolor sit amet, consectetur adipisicing elit. Consequatur id, explicabo vel commodi optio natus magni ipsa fuga modi cum possimus consectetur omnis numquam facere hic ratione placeat deserunt, totam.</p>\n<p>Quisquam error eveniet quibusdam beatae ratione fugiat accusamus quod sed nam sequi, possimus velit soluta nihil alias eos ea voluptatem quas ex aperiam porro. Cupiditate rerum ullam quaerat, obcaecati quisquam?</p>\n<p>Reprehenderit architecto qui nihil voluptate eos totam necessitatibus quo excepturi voluptas facilis adipisci molestias, cum ipsam ex, harum officiis? Quae mollitia beatae architecto iusto! Ab magni excepturi quibusdam officiis molestias.</p>\n', 'test-1');
INSERT INTO `news` (`news_id`, `news_title`, `news_date`, `news_content`, `slug`) VALUES ('2', 'Test 2', '2017-04-01 00:00:00', '<p>Lorem ipsum dolor sit amet, consectetur adipisicing elit. Iusto, asperiores laudantium. Assumenda iste placeat saepe harum, quisquam commodi, nostrum molestiae libero iusto excepturi ab minima, tenetur unde nisi, explicabo magni.</p>\r\n<p>Ad, facilis incidunt vel dolorum saepe dolores. Voluptatem, rem possimus voluptatibus consectetur totam nemo. Esse maxime, fuga debitis consectetur eveniet excepturi temporibus cumque praesentium libero. Asperiores obcaecati, fuga soluta necessitatibus?</p>', 'test-2');
INSERT INTO `news` (`news_id`, `news_title`, `news_date`, `news_content`, `slug`) VALUES ('3', 'Another news article!', '2017-05-12 13:49:00', '<p>Woo hoo!</p>\n\n<p>This is cool!</p>', 'another-news-article');
INSERT INTO `news` (`news_id`, `news_title`, `news_date`, `news_content`, `slug`) VALUES ('4', 'Testing', '2017-06-10 10:30:10', '<p>Testing!</p>', 'testing');
INSERT INTO `news` (`news_id`, `news_title`, `news_date`, `news_content`, `slug`) VALUES ('5', 'Testing', '2017-06-10 10:30:10', '<p>Testing!</p>\n\n<p>This is 5.</p>', 'testing');


#
# TABLE STRUCTURE FOR: user
#

DROP TABLE IF EXISTS `user`;

CREATE TABLE `user` (
  `user_id` int(5) unsigned NOT NULL AUTO_INCREMENT,
  `name` varchar(255) NOT NULL,
  `email` varchar(254) NOT NULL,
  `auth_hashsalt` varchar(255) NOT NULL,
  `user_level` varchar(255) NOT NULL,
  PRIMARY KEY (`user_id`)
) ENGINE=InnoDB AUTO_INCREMENT=37 DEFAULT CHARSET=utf8;

INSERT INTO `user` (`user_id`, `name`, `email`, `auth_hashsalt`, `user_level`) VALUES ('3', 'John Smith', 'john@smith.local', '$2y$10$8sDH4rl60D1uDjxGNPkGGucspCvqaGtkI8Z5isI9Tk7otx1/3RKhm', 'admin');
INSERT INTO `user` (`user_id`, `name`, `email`, `auth_hashsalt`, `user_level`) VALUES ('4', 'Test No. 2', 'test2@test.local', '$2y$10$TVpJfOy4NqKLpXJSB3G1V.btZXWbo3tpBYYgl2w8udm..7AdJCwCm', 'user');
INSERT INTO `user` (`user_id`, `name`, `email`, `auth_hashsalt`, `user_level`) VALUES ('5', 'Test 3', 'test3@test3.local', '$2y$10$QdgFARChEhPjbvhKLWIn0eUq7/lvpxJTUlY6s3LdofYHUemrRyGKC', 'user');
INSERT INTO `user` (`user_id`, `name`, `email`, `auth_hashsalt`, `user_level`) VALUES ('6', 'Matt Damon', 'matt@damon.net', '$2y$10$4BFSx26.gDx/G9IBLEXVquHseDkyKDMCHBQ14jYdTwvs6V3yL5Aqu', 'user');
INSERT INTO `user` (`user_id`, `name`, `email`, `auth_hashsalt`, `user_level`) VALUES ('7', 'Jason Bourne', 'jason@bourne.com', '$2y$10$rp.Em2iGie8gLowwROAKhe4a9Q.uAxR4W/AjWKfiKlltkkq4bhzlu', 'user');
INSERT INTO `user` (`user_id`, `name`, `email`, `auth_hashsalt`, `user_level`) VALUES ('8', 'Nemo the Clownfish', 'nemo@fish.net', '$2y$10$FzWiXuqZK1P9D0Hbm9qz4eje3YuycTMUwuV.MeHr6bWv2S5R3OqRa', 'user');
INSERT INTO `user` (`user_id`, `name`, `email`, `auth_hashsalt`, `user_level`) VALUES ('9', 'Mark Watney', 'mark@ares.org', '$2y$10$KzlHDo7aDTlyMh/qqi9FXu2UH/E3TawpJBIb9J00N/Zbv5xnsZriu', 'user');
INSERT INTO `user` (`user_id`, `name`, `email`, `auth_hashsalt`, `user_level`) VALUES ('10', 'Jack Sparrow', 'jack@sparrow.se', '$2y$10$pKZhp.k5a2ei.03CimJh6OXLT2BsFZDLGiZioel1WhpK4YiMoNqei', 'user');
INSERT INTO `user` (`user_id`, `name`, `email`, `auth_hashsalt`, `user_level`) VALUES ('11', 'Melissa Lewis', 'melissa@ares.org', '$2y$10$SPylK/zFdmFDTlACeDRGw.vLlm17R0dYtGEms.wAF1s57D1UQACaS', 'user');
INSERT INTO `user` (`user_id`, `name`, `email`, `auth_hashsalt`, `user_level`) VALUES ('12', 'Theodore Sanders', 'teddy@nasa.gov', '$2y$10$CKKxbv.2jJnbEj2pCSIgcuTkry9hP0QvEMHzhimOttpPIo2jQ6052', 'user');
INSERT INTO `user` (`user_id`, `name`, `email`, `auth_hashsalt`, `user_level`) VALUES ('13', 'Vincent Kapoor', 'vincent@nasa.gov', '$2y$10$Qxmo6RV61d8lcaeVAZsMwuBHnMPJGH.wqOhA9OYyoXLdPe1sWjx.S', 'user');
INSERT INTO `user` (`user_id`, `name`, `email`, `auth_hashsalt`, `user_level`) VALUES ('14', 'Mitch Henderson', 'mitch@nasa.gov', '$2y$10$GNBE9sbsSX9QFPaqqaWGtuI5D4xOOY8AKVdOax0fP8eTi1yEn.Vfy', 'user');
INSERT INTO `user` (`user_id`, `name`, `email`, `auth_hashsalt`, `user_level`) VALUES ('15', 'Annie Montrose', 'annie@nasa.gov', '$2y$10$tZRL.px1rsGVXN6eMAfdnOuJowmoxd0DMdiVjKK7/8D8lLAmh7Jmy', 'user');
INSERT INTO `user` (`user_id`, `name`, `email`, `auth_hashsalt`, `user_level`) VALUES ('16', 'Rick Martinez', 'rick@ares.org', '$2y$10$f8rIYDWIwqsC26xsdntVxe3l4P5iAifDv8oDb68xRhkAdgnGnNkbq', 'user');
INSERT INTO `user` (`user_id`, `name`, `email`, `auth_hashsalt`, `user_level`) VALUES ('17', 'Marie Kreutz', 'marie@kreutz.net', '$2y$10$TUmOimvyOdQavpmBqymFdOTuGjFJukO3ItGgW/ErvOBJIz3DOxiJW', 'user');
INSERT INTO `user` (`user_id`, `name`, `email`, `auth_hashsalt`, `user_level`) VALUES ('18', 'Nicky Parsons', 'nicky@cia.gov', '$2y$10$RjdXzYRAJMe9BNDeJBBEH.lulduJd2ufyk43i2mod5kkKhMB.wNli', 'user');
INSERT INTO `user` (`user_id`, `name`, `email`, `auth_hashsalt`, `user_level`) VALUES ('25', 'Delete', 'delete@test.local', '$2y$10$yTsPRNbuQnKV3h7T7IMnluEo3vuGO./7FiI5gVE8ulp08x7gmwAJi', 'user');


#
# TABLE STRUCTURE FOR: view_nice_news
#

DROP TABLE IF EXISTS `view_nice_news`;

CREATE  VIEW `view_nice_news` AS select `news`.`news_title` AS `news_title`,`news`.`news_content` AS `news_content`,`news`.`news_date` AS `news_date`,`news`.`slug` AS `slug`,date_format(`news`.`news_date`,'%Y') AS `post_year`,date_format(`news`.`news_date`,'%m') AS `post_month`,date_format(`news`.`news_date`,'%d') AS `post_day` from `news`;
